{"schemaVersion":"1.0","appDefinitionTemplate":{"id":"/providers/Microsoft.PowerApps/apps/","type":"Microsoft.PowerApps/apps","tags":{"primaryDeviceWidth":"640","primaryDeviceHeight":"1136","supportsPortrait":"true","supportsLandscape":"true","primaryFormFactor":"Phone","showStatusBar":"false","publisherVersion":"3.25102.17","minimumRequiredApiVersion":"2.2.0","hasComponent":"false","hasUnlockedComponent":"false","isUnifiedRootApp":"false","sienaVersion":"20251101T114259Z-3.25102.17.0"},"properties":{"appVersion":"2025-11-01T11:42:59Z","lifeCycleId":"Published","createdByClientVersion":{"major":3,"minor":25102,"build":17,"revision":0,"majorRevision":0,"minorRevision":0},"minClientVersion":{"major":3,"minor":25102,"build":17,"revision":0,"majorRevision":0,"minorRevision":0},"backgroundColor":"RGBA(0,176,240,1)","backgroundImageUri":"/10599469971159060909/N8f949acc-c48f-4177-b738-b18d7c3a0b8d-logoSmallFile","displayName":"Smart Health Monitoring","description":"","commitMessage":"","appUris":{"documentUri":{"value":"/10599469971159060909/N03702e09-3594-4505-be17-ff0dbc6b6b91-document.msapp"},"imageUris":[],"additionalUris":[{"isSolutionAware":false,"value":"/10599469971159060909/N4125ce90-d320-4718-a480-b51666a2425a-identity.json"}]},"createdTime":"0001-01-01T00:00:00Z","lastModifiedTime":"0001-01-01T00:00:00Z","sharedGroupsCount":0,"sharedUsersCount":0,"connectionReferences":{"bd13ec00-ba94-407a-9927-affffadba577":{"id":"cbfcc959-1ab5-4820-9525-ad6195187de0","displayName":"SharePoint","iconUri":"https://conn-afd-prod-endpoint-bmc9bqahasf3grgk.b01.azurefd.net/v1.0.1769/1.0.1769.4352/sharepointonline/icon.png","dataSources":["Patient_Data"],"dependencies":[],"dependents":[],"parameterHints":{},"parameterHintsV2":{},"isOnPremiseConnection":false,"bypassConsent":false,"dataSets":{"https://880052.sharepoint.com/sites/HealthCareManagementSystem":{"dataSources":{"Patient_Data":{"tableName":"ba3b868b-e0a7-4e17-b172-2755d6f8afd2"}}}},"apiTier":"Standard","isCustomApiConnection":false,"actions":["providers/PowerPlatform.Governance/Operations/Read","providers/PowerPlatform.Governance/Operations/Write"]}},"databaseReferences":{},"almMode":"Environment","performanceOptimizationEnabled":true,"canConsumeAppPass":true,"enableModernRuntimeMode":false,"executionRestrictions":{"isTeamsOnly":false,"dataLossPreventionEvaluationResult":{"status":"Compliant","lastEvaluationDate":"2025-09-20T10:53:05.4373296Z","violations":[],"violationsByPolicy":[],"violationErrorMessage":"The app uses the following connectors: ."}}},"isAppComponentLibrary":false,"appType":"ClassicCanvasApp","appComponents":[]}}